{
  "version": 1,
  "author": "Shivaan Poddar",
  "editor": "wokwi",
  "parts": [
    { "type": "wokwi-esp32-devkit-v1", "id": "esp", "top": 0, "left": 0, "attrs": {} },
    {
      "type": "wokwi-buzzer",
      "id": "bz1",
      "top": -7.2,
      "left": -142.2,
      "attrs": { "volume": "0.1" }
    },
    { "type": "wokwi-potentiometer", "id": "pot1", "top": 65.9, "left": 153.4, "attrs": {} }
  ],
  "connections": [
    [ "esp:TX0", "$serialMonitor:RX", "", [] ],
    [ "esp:RX0", "$serialMonitor:TX", "", [] ],
    [ "bz1:2", "esp:GND.2", "black", [ "v0" ] ],
    [ "bz1:1", "esp:D26", "green", [ "v0" ] ],
    [ "pot1:VCC", "esp:3V3", "red", [ "v0" ] ],
    [ "pot1:SIG", "esp:D15", "green", [ "v0" ] ],
    [ "pot1:GND", "esp:GND.1", "black", [ "v0" ] ]
  ],
  "dependencies": {}
}